{
  "timestamp": "2025-11-24T04:13:43.858Z",
  "totalDuration": 5679.023982,
  "results": [
    {
      "name": "Botão Simples",
      "iterations": 50,
      "times": [
        10.519216000000029,
        7.636431000000016,
        7.045500999999945,
        8.29795200000001,
        10.955047000000036,
        9.169463999999948,
        10.474382000000105,
        8.530074000000013,
        8.061531999999943,
        7.764789999999948,
        5.904078000000027,
        8.473989999999958,
        6.744922000000088,
        8.447570999999925,
        7.131852000000208,
        5.443721000000096,
        4.860785000000078,
        4.810702999999876,
        5.111010999999962,
        7.38833899999986,
        8.307409000000007,
        5.924882000000025,
        6.606654000000162,
        5.887807000000066,
        4.7158059999999296,
        4.848893999999973,
        6.015255000000025,
        6.6212920000000395,
        6.441237000000001,
        4.66563199999996,
        4.6717429999998785,
        5.084675000000061,
        5.312656999999945,
        6.151677000000063,
        4.877325999999812,
        4.6688789999998335,
        6.249941000000035,
        7.100443000000041,
        5.303760000000011,
        5.185090000000173,
        7.149314000000004,
        4.776137999999946,
        4.622352000000092,
        6.221647999999959,
        5.388167000000067,
        4.365745000000061,
        4.463777000000164,
        4.964619000000084,
        4.720824999999877,
        7.029401000000007
      ],
      "mean": 6.422288120000007,
      "median": 6.083466000000044,
      "p95": 10.474382000000105,
      "p99": 10.955047000000036,
      "min": 4.365745000000061,
      "max": 10.955047000000036,
      "stdDev": 1.6862692534125527
    },
    {
      "name": "Card com Flexbox",
      "iterations": 50,
      "times": [
        19.65569800000003,
        19.927765000000136,
        21.35290699999996,
        19.36319400000002,
        18.308360999999877,
        18.96927199999982,
        18.22891299999992,
        20.278958999999986,
        21.240859,
        19.8359939999998,
        19.933765999999878,
        22.55853000000002,
        19.16275100000007,
        19.360488999999916,
        22.023345000000063,
        18.655035999999882,
        18.56815400000005,
        19.445707999999968,
        25.357799999999997,
        19.454573999999866,
        17.656177999999954,
        20.832996999999978,
        17.309061000000156,
        17.925789000000123,
        17.149574999999913,
        17.95356099999981,
        17.932211000000052,
        18.64138099999991,
        17.53961000000004,
        17.917843999999832,
        17.081427000000076,
        17.881766999999854,
        17.408416000000216,
        18.516509000000042,
        17.22936400000026,
        18.12768499999993,
        18.033730000000105,
        19.982206000000133,
        17.514553999999862,
        18.398639000000003,
        18.74141699999973,
        18.39267800000016,
        17.62696300000016,
        18.668490999999904,
        17.429324999999608,
        17.990639999999985,
        20.415823000000273,
        18.66862200000014,
        18.22875299999987,
        17.55632199999991
      ],
      "mean": 18.928672259999985,
      "median": 18.542331500000046,
      "p95": 22.023345000000063,
      "p99": 25.357799999999997,
      "min": 17.081427000000076,
      "max": 25.357799999999997,
      "stdDev": 1.5756934214095637
    },
    {
      "name": "Layout Complexo com Aninhamento",
      "iterations": 50,
      "times": [
        75.23512000000028,
        73.8242839999998,
        74.20870000000014,
        73.52095999999983,
        75.71473900000001,
        78.74044300000014,
        71.53883999999971,
        76.26399700000002,
        71.09500499999967,
        71.22440499999993,
        71.07740899999999,
        74.22570300000007,
        77.22656500000039,
        80.70051000000012,
        69.89964000000009,
        74.26819999999998,
        69.7295939999999,
        73.44488799999999,
        72.38845200000014,
        69.81089500000053,
        85.30621100000008,
        73.52773200000047,
        81.28399600000012,
        81.25490899999932,
        70.73325100000056,
        69.12067000000025,
        69.29570599999988,
        69.05040000000008,
        69.50654799999938,
        69.45376099999976,
        69.55590200000006,
        70.84023799999977,
        69.4088670000001,
        69.73851999999988,
        69.50586699999985,
        71.45863100000042,
        69.5688339999997,
        70.23988399999962,
        78.57843299999968,
        70.12824600000022,
        68.5391380000001,
        69.51720800000021,
        68.92589899999984,
        71.16346199999953,
        72.0836849999996,
        70.19953799999985,
        68.94420200000059,
        69.01729800000066,
        72.49365800000032,
        76.8195080000005
      ],
      "mean": 72.58797102000003,
      "median": 71.1292334999996,
      "p95": 81.25490899999932,
      "p99": 85.30621100000008,
      "min": 68.5391380000001,
      "max": 85.30621100000008,
      "stdDev": 3.8931978883089955
    }
  ]
}